"item_name","location_name","closing_quantity","closing_rate","closing_value"
"ALFA PLUS 56GSM 67.5CMS REEL-85323788","29f69c78-2ba4-4adb-9d3e-2d0f415f9c56-00000cd5","0","0","0"
"ANTI FUNGAL CYBER XL PAC-FSC 285GSM 51CMS REEL-85054850","29f69c78-2ba4-4adb-9d3e-2d0f415f9c56-00000cd5","0","0","0"
"ANTI FUNGAL CYBER XL PAC-FSC 285GSM 51CMS REEL-85054872","29f69c78-2ba4-4adb-9d3e-2d0f415f9c56-00000cd5","0","0","0"
"ANTI FUNGAL CYBER XL PAC-FSC 285GSM 51CMS REEL-85054902","29f69c78-2ba4-4adb-9d3e-2d0f415f9c56-00000cd5","0","0","0"
"ANTI FUNGAL CYBER XL PAC-FSC 285GSM 51CMS REEL-85054918","29f69c78-2ba4-4adb-9d3e-2d0f415f9c56-00000cd5","0","0","0"
"ANTI FUNGAL CYBER XL PAC-FSC 285GSM 51CMS REEL-85054935","29f69c78-2ba4-4adb-9d3e-2d0f415f9c56-00000cd5","0","0","0"
"ANTI FUNGAL CYBER XL PAC-FSC 285GSM 51CMS REEL-85054945","29f69c78-2ba4-4adb-9d3e-2d0f415f9c56-00000cd5","0","0","0"
"ANTI FUNGAL CYBER XL PAC-FSC 285GSM 51CMS REEL-85054965","29f69c78-2ba4-4adb-9d3e-2d0f415f9c56-00000cd5","0","0","0"
"ANTI FUNGAL CYBER XL PAC-FSC 285GSM 51CMS REEL-85055022","29f69c78-2ba4-4adb-9d3e-2d0f415f9c56-00000cd5","0","0","0"
"ANTI FUNGAL CYBER XL PAC-FSC 285GSM 51CMS REEL-85055047","29f69c78-2ba4-4adb-9d3e-2d0f415f9c56-00000cd5","0","0","0"
"ART MAESTRO 295GSM 70CMS REEL-69690097","29f69c78-2ba4-4adb-9d3e-2d0f415f9c56-00000cd5","0","0","0"
"BASE 280GSM 107.5CMS REEL-84719521","29f69c78-2ba4-4adb-9d3e-2d0f415f9c56-00000cd5","0","0","0"
"BLACK PREMIUM 220GSM 102.2CMS REEL-68519389","29f69c78-2ba4-4adb-9d3e-2d0f415f9c56-00000cd5","0","0","0"
"BLACK PREMIUM 220GSM 73CMS REEL-68912108-2","29f69c78-2ba4-4adb-9d3e-2d0f415f9c56-00000cd5","0","0","0"
"BLACK PREMIUM 250GSM 128CMS REEL-654003061376","29f69c78-2ba4-4adb-9d3e-2d0f415f9c56-00000cd5","0","0","0"
"BLACK PREMIUM 250GSM 128CMS REEL-654003061377","29f69c78-2ba4-4adb-9d3e-2d0f415f9c56-00000cd5","0","0","0"
"BLACK PREMIUM 250GSM 55CMS REEL-85030001","29f69c78-2ba4-4adb-9d3e-2d0f415f9c56-00000cd5","0","0","0"
"BLACK PREMIUM 250GSM 55CMS REEL-85030582","29f69c78-2ba4-4adb-9d3e-2d0f415f9c56-00000cd5","0","0","0"
"BLACK PREMIUM 250GSM 58CMS REEL-1","29f69c78-2ba4-4adb-9d3e-2d0f415f9c56-00000cd5","0","0","0"
"BLACK PREMIUM 250GSM 58CMS REEL-2","29f69c78-2ba4-4adb-9d3e-2d0f415f9c56-00000cd5","0","0","0"
"BLACK PREMIUM 250GSM 64CMS REEL-1","29f69c78-2ba4-4adb-9d3e-2d0f415f9c56-00000cd5","0","0","0"
"BLACK PREMIUM 250GSM 64CMS REEL-2","29f69c78-2ba4-4adb-9d3e-2d0f415f9c56-00000cd5","0","0","0"
"BLACK PREMIUM 250GSM 64CMS REEL-3","29f69c78-2ba4-4adb-9d3e-2d0f415f9c56-00000cd5","0","0","0"
"BLACK PREMIUM 250GSM 64CMS REEL-4","29f69c78-2ba4-4adb-9d3e-2d0f415f9c56-00000cd5","0","0","0"
"BLACK PREMIUM 250GSM 70CMS REEL-1","29f69c78-2ba4-4adb-9d3e-2d0f415f9c56-00000cd5","0","0","0"
"BLACK PREMIUM 250GSM 70CMS REEL-2","29f69c78-2ba4-4adb-9d3e-2d0f415f9c56-00000cd5","0","0","0"
"BLACK PREMIUM 260GSM 59CMS REEL-4","29f69c78-2ba4-4adb-9d3e-2d0f415f9c56-00000cd5","0","0","0"
"BLACK PREMIUM 260GSM 59X91.5CMS 14KGS","29f69c78-2ba4-4adb-9d3e-2d0f415f9c56-00000cd5","0","0","0"
"BLACK PREMIUM 260GSM 90CMS REEL-69228678","29f69c78-2ba4-4adb-9d3e-2d0f415f9c56-00000cd5","0","0","0"
"BLACK PREMIUM 280GSM 94.5CMS REEL-69226627","29f69c78-2ba4-4adb-9d3e-2d0f415f9c56-00000cd5","0","0","0"
"BLACK PREMIUM 280GSM 94.5CMS REEL-69228788","29f69c78-2ba4-4adb-9d3e-2d0f415f9c56-00000cd5","0","0","0"
"BLACK PREMIUM 280GSM 94.5CMS REEL-69228792","29f69c78-2ba4-4adb-9d3e-2d0f415f9c56-00000cd5","0","0","0"
"BLACK PREMIUM 290GSM 51X89CMS 13.20KGS","29f69c78-2ba4-4adb-9d3e-2d0f415f9c56-00000cd5","0","0","0"
"BLACK PREMIUM 290GSM 51X89CMS 13.20KGS","29f69c78-2ba4-4adb-9d3e-2d0f415f9c56-00013133","0","0","0"
"BLACK PREMIUM 290GSM 94.5CMS REEL","29f69c78-2ba4-4adb-9d3e-2d0f415f9c56-00000cd5","0","0","0"
"BLACK PREMIUM 300GSM 52CMS REEL-85121622","29f69c78-2ba4-4adb-9d3e-2d0f415f9c56-00000cd5","0","0","0"
"BLACK PREMIUM 300GSM 52CMS REEL-85121643","29f69c78-2ba4-4adb-9d3e-2d0f415f9c56-00000cd5","0","0","0"
"BLACK PREMIUM 300GSM 52CMS REEL-85121658","29f69c78-2ba4-4adb-9d3e-2d0f415f9c56-00000cd5","0","0","0"
"BLACK PREMIUM 300GSM 88.3CMS REEL-69824930","29f69c78-2ba4-4adb-9d3e-2d0f415f9c56-00000cd5","0","0","0"
"BLACK PREMIUM 300GSM 88.3CMS REEL-69824930","29f69c78-2ba4-4adb-9d3e-2d0f415f9c56-00002eb7","0","0","0"
"BLACK PREMIUM 300GSM 88CMS REEL-69824930","29f69c78-2ba4-4adb-9d3e-2d0f415f9c56-00000cd5","0","0","0"
"BLACK PREMIUM 310GSM 101CMS REEL-69824905","29f69c78-2ba4-4adb-9d3e-2d0f415f9c56-00000cd5","0","0","0"
"BLACK PREMIUM 310GSM 101CMS REEL-69824905","29f69c78-2ba4-4adb-9d3e-2d0f415f9c56-00002eb7","0","0","0"
"BLACK PREMIUM 310GSM 101CMS REEL-69824906","29f69c78-2ba4-4adb-9d3e-2d0f415f9c56-00000cd5","0","0","0"
"BLACK PREMIUM 310GSM 101CMS REEL-69824906","29f69c78-2ba4-4adb-9d3e-2d0f415f9c56-00002eb7","0","0","0"
"BLACK PREMIUM 310GSM 101CMS REEL69824908","29f69c78-2ba4-4adb-9d3e-2d0f415f9c56-00000cd5","0","0","0"
"BLACK PREMIUM 310GSM 101CMS REEL69824908","29f69c78-2ba4-4adb-9d3e-2d0f415f9c56-00002eb7","0","0","0"
"BLACK PREMIUM 310GSM 58CMS REEL-85102292","29f69c78-2ba4-4adb-9d3e-2d0f415f9c56-00000cd5","0","0","0"
"BLACK PREMIUM 310GSM 58CMS REEL-85102295","29f69c78-2ba4-4adb-9d3e-2d0f415f9c56-00000cd5","0","0","0"
"BLACK PREMIUM 310GSM 58CMS REEL-85102303","29f69c78-2ba4-4adb-9d3e-2d0f415f9c56-00000cd5","0","0","0"
"BLACK PREMIUM 350GSM 110CMS REEL-654002811749","29f69c78-2ba4-4adb-9d3e-2d0f415f9c56-00000cd5","0","0","0"
"BLACK PREMIUM 350GSM 110CMS REEL-654002811750","29f69c78-2ba4-4adb-9d3e-2d0f415f9c56-00000cd5","0","0","0"
"BLACK PREMIUM 350GSM 110CMS REEL-654002811751","29f69c78-2ba4-4adb-9d3e-2d0f415f9c56-00000cd5","0","0","0"
"BLACK PREMIUM 350GSM 110CMS REEL-654002811752","29f69c78-2ba4-4adb-9d3e-2d0f415f9c56-00000cd5","0","0","0"
"BLACK PREMIUM 350GSM 120CMS REEL-654002817392","29f69c78-2ba4-4adb-9d3e-2d0f415f9c56-00000cd5","0","0","0"
"BLACK PREMIUM 350GSM 59.4CMS REEL-67043952-","29f69c78-2ba4-4adb-9d3e-2d0f415f9c56-00000cd5","0","0","0"
"BLACK PREMIUM 350GSM 70CMS REEL-","29f69c78-2ba4-4adb-9d3e-2d0f415f9c56-00000cd5","0","0","0"
"BLACK PREMIUM 350GSM 70X91.5CMS 22.40KGS","29f69c78-2ba4-4adb-9d3e-2d0f415f9c56-00000cd5","0","0","0"
"BLACK PREMIUM 350GSM 90CMS REEL-654002817393","29f69c78-2ba4-4adb-9d3e-2d0f415f9c56-00000cd5","0","0","0"
"BLACK PREMIUM 350GSM 93.5CMS REEL-654002811753","29f69c78-2ba4-4adb-9d3e-2d0f415f9c56-00000cd5","0","0","0"
"BLACK PREMIUM 350GSM 93.5CMS REEL-654002811754","29f69c78-2ba4-4adb-9d3e-2d0f415f9c56-00000cd5","0","0","0"
"BLACK PREMIUM 350GSM 93.5CMS REEL-654002811755","29f69c78-2ba4-4adb-9d3e-2d0f415f9c56-00000cd5","0","0","0"
"BLACK PREMIUM 350GSM 93.5CMS REEL-654002811756","29f69c78-2ba4-4adb-9d3e-2d0f415f9c56-00000cd5","0","0","0"
"BLACK PREMIUM 350GSM 93.5CMS REEL-654002817394","29f69c78-2ba4-4adb-9d3e-2d0f415f9c56-00000cd5","0","0","0"
"BLACK PREMIUM 350GSM 93.5CMS REEL-654002817395","29f69c78-2ba4-4adb-9d3e-2d0f415f9c56-00000cd5","0","0","0"
"BLACK PREMIUM 350GSM 93.5CMS REEL-654002817396","29f69c78-2ba4-4adb-9d3e-2d0f415f9c56-00000cd5","0","0","0"
"BLACK PREMIUM 350GSM 93.5CMS REEL-654002817397","29f69c78-2ba4-4adb-9d3e-2d0f415f9c56-00000cd5","0","0","0"
"BLACK PREMIUM 350GSM 95.6CMS REEL-69824909","29f69c78-2ba4-4adb-9d3e-2d0f415f9c56-00000cd5","0","0","0"
"BLACK PREMIUM 350GSM 95.6CMS REEL-69824909","29f69c78-2ba4-4adb-9d3e-2d0f415f9c56-00002eb7","0","0","0"
"BLACK PREMIUM 360GSM 110CMS REEL","29f69c78-2ba4-4adb-9d3e-2d0f415f9c56-00000cd5","0","0","0"
"BLACK PREMIUM 360GSM 110CMS REEL-654002811749","29f69c78-2ba4-4adb-9d3e-2d0f415f9c56-00000cd5","0","0","0"
"BLACK PREMIUM 360GSM 110CMS REEL-654002811750","29f69c78-2ba4-4adb-9d3e-2d0f415f9c56-00000cd5","0","0","0"
"BLACK PREMIUM 360GSM 110CMS REEL-654002811751","29f69c78-2ba4-4adb-9d3e-2d0f415f9c56-00000cd5","0","0","0"
"BLACK PREMIUM 360GSM 110CMS REEL-654002811752","29f69c78-2ba4-4adb-9d3e-2d0f415f9c56-00000cd5","0","0","0"
"BLACK PREMIUM 360GSM 120CMS REEL-654002817392","29f69c78-2ba4-4adb-9d3e-2d0f415f9c56-00000cd5","0","0","0"
"BLACK PREMIUM 360GSM 70CMS REEL-85102801","29f69c78-2ba4-4adb-9d3e-2d0f415f9c56-00000cd5","0","0","0"
"BLACK PREMIUM 360GSM 70CMS REEL-85102803","29f69c78-2ba4-4adb-9d3e-2d0f415f9c56-00000cd5","0","0","0"
"BLACK PREMIUM 360GSM 70CMS REEL-85102825","29f69c78-2ba4-4adb-9d3e-2d0f415f9c56-00000cd5","0","0","0"
"BLACK PREMIUM 360GSM 70CMS REEL-85102828","29f69c78-2ba4-4adb-9d3e-2d0f415f9c56-00000cd5","0","0","0"
"BLACK PREMIUM 360GSM 70CMS REEL-85102830","29f69c78-2ba4-4adb-9d3e-2d0f415f9c56-00000cd5","0","0","0"
"BLACK PREMIUM 360GSM 70CMS REEL-85102847","29f69c78-2ba4-4adb-9d3e-2d0f415f9c56-00000cd5","0","0","0"
"BLACK PREMIUM 360GSM 70CMS REEL-85102849","29f69c78-2ba4-4adb-9d3e-2d0f415f9c56-00000cd5","0","0","0"
"BLACK PREMIUM 360GSM 70CMS REEL-85102858","29f69c78-2ba4-4adb-9d3e-2d0f415f9c56-00000cd5","0","0","0"
"BLACK PREMIUM 360GSM 70CMS REEL-85102860","29f69c78-2ba4-4adb-9d3e-2d0f415f9c56-00000cd5","0","0","0"
"BLACK PREMIUM 360GSM 70CMS REEL-85102883","29f69c78-2ba4-4adb-9d3e-2d0f415f9c56-00000cd5","0","0","0"
"BLACK PREMIUM 360GSM 70CMS REEL-85102885","29f69c78-2ba4-4adb-9d3e-2d0f415f9c56-00000cd5","0","0","0"
"BLACK PREMIUM 360GSM 70CMS REEL-885102809","29f69c78-2ba4-4adb-9d3e-2d0f415f9c56-00000cd5","0","0","0"
"BLACK PREMIUM 360GSM 70CMS REEL-885102823","29f69c78-2ba4-4adb-9d3e-2d0f415f9c56-00000cd5","0","0","0"
"BLACK PREMIUM 360GSM 70X112CMS 28.20KGS","29f69c78-2ba4-4adb-9d3e-2d0f415f9c56-00000cd5","0","0","0"
"BLACK PREMIUM 360GSM 90CMS REEL-654002817393","29f69c78-2ba4-4adb-9d3e-2d0f415f9c56-00000cd5","0","0","0"
"BLACK PREMIUM 360GSM 93.5CMS REEL-654002811753","29f69c78-2ba4-4adb-9d3e-2d0f415f9c56-00000cd5","0","0","0"
"BLACK PREMIUM 360GSM 93.5CMS REEL-654002811754","29f69c78-2ba4-4adb-9d3e-2d0f415f9c56-00000cd5","0","0","0"
"BLACK PREMIUM 360GSM 93.5CMS REEL-654002811755","29f69c78-2ba4-4adb-9d3e-2d0f415f9c56-00000cd5","0","0","0"
"BLACK PREMIUM 360GSM 93.5CMS REEL-654002811756","29f69c78-2ba4-4adb-9d3e-2d0f415f9c56-00000cd5","0","0","0"
"BLACK PREMIUM 360GSM 93.5CMS REEL-654002817394","29f69c78-2ba4-4adb-9d3e-2d0f415f9c56-00000cd5","0","0","0"
"BLACK PREMIUM 360GSM 93.5CMS REEL-654002817395","29f69c78-2ba4-4adb-9d3e-2d0f415f9c56-00000cd5","0","0","0"
"BLACK PREMIUM 360GSM 93.5CMS REEL-654002817396","29f69c78-2ba4-4adb-9d3e-2d0f415f9c56-00000cd5","0","0","0"
"BLACK PREMIUM 360GSM 93.5CMS REEL-654002817397","29f69c78-2ba4-4adb-9d3e-2d0f415f9c56-00000cd5","0","0","0"
"BLACK PREMIUM 380GSM 52CMS REEL-85103832","29f69c78-2ba4-4adb-9d3e-2d0f415f9c56-00000cd5","0","0","0"
"BLACK PREMIUM 380GSM 52CMS REEL-85103835","29f69c78-2ba4-4adb-9d3e-2d0f415f9c56-00000cd5","0","0","0"
"BLACK PREMIUM 450GSM 82CMS REEL-654003061459","29f69c78-2ba4-4adb-9d3e-2d0f415f9c56-00000cd5","0","0","0"
"BLUE CENTER ART CARD 270GSM 138CMS REEL-69432395","29f69c78-2ba4-4adb-9d3e-2d0f415f9c56-00000cd5","0","0","0"
"BLUE CENTER ART CARD 270GSM 138CMS REEL-69432396","29f69c78-2ba4-4adb-9d3e-2d0f415f9c56-00000cd5","0","0","0"
"BLUE CENTER ART CARD 270GSM 69CMS REEL-1","29f69c78-2ba4-4adb-9d3e-2d0f415f9c56-00000cd5","0","0","0"
"BLUE CENTER ART CARD 270GSM 69CMS REEL-2","29f69c78-2ba4-4adb-9d3e-2d0f415f9c56-00000cd5","0","0","0"
"BLUE CENTER ART CARD 270GSM 69CMS REEL-3","29f69c78-2ba4-4adb-9d3e-2d0f415f9c56-00000cd5","0","0","0"
"BLUE CENTER ART CARD 270GSM 69CMS REEL-4","29f69c78-2ba4-4adb-9d3e-2d0f415f9c56-00000cd5","0","0","0"
"BLUE CENTER ART CARD 270GSM 69CMS REEL-5","29f69c78-2ba4-4adb-9d3e-2d0f415f9c56-00000cd5","0","0","0"
"BLUE CENTER ART CARD 270GSM 69CMS REEL-6","29f69c78-2ba4-4adb-9d3e-2d0f415f9c56-00000cd5","0","0","0"
"BLUE CENTER ART CARD 270GSM 69CMS REEL-7","29f69c78-2ba4-4adb-9d3e-2d0f415f9c56-00000cd5","0","0","0"
"BLUE CENTER ART CARD 270GSM 69CMS REEL-8","29f69c78-2ba4-4adb-9d3e-2d0f415f9c56-00000cd5","0","0","0"
"BOARD 250GSM 89CMS REEL","29f69c78-2ba4-4adb-9d3e-2d0f415f9c56-00000cd5","0","0","0"
"BOARD 340GSM 58.5CMS REEL","29f69c78-2ba4-4adb-9d3e-2d0f415f9c56-00000cd5","0","0","0"
"BRIGHT COAT SBS ART BOARD-FSC 300GSM 63.5CMS REEL-84502528","29f69c78-2ba4-4adb-9d3e-2d0f415f9c56-00000cd5","0","0","0"
"BRIGHT COAT SBS ART BOARD-FSC 300GSM 63.5CMS REEL-84502529","29f69c78-2ba4-4adb-9d3e-2d0f415f9c56-00000cd5","0","0","0"
"BRIGHT COAT SBS ART BOARD-FSC 300GSM 63.5CMS REEL-84503509","29f69c78-2ba4-4adb-9d3e-2d0f415f9c56-00000cd5","0","0","0"
"CFF BOARD 210GSM 60CMS REEL-69979378","29f69c78-2ba4-4adb-9d3e-2d0f415f9c56-00000cd5","0","0","0"
"CFF BOARD 210GSM 60CMS REEL-69979520","29f69c78-2ba4-4adb-9d3e-2d0f415f9c56-00000cd5","0","0","0"
"CFF BOARD 210GSM 82CMS REEL-654002890212","29f69c78-2ba4-4adb-9d3e-2d0f415f9c56-00000cd5","0","0","0"
"CFF BOARD 210GSM 82CMS REEL-654002890213","29f69c78-2ba4-4adb-9d3e-2d0f415f9c56-00000cd5","0","0","0"
"CFF COATED 210GSM 58.6CMS REEL-69439039 CD","29f69c78-2ba4-4adb-9d3e-2d0f415f9c56-00000cd5","0","0","0"
"CFF COATED 210GSM 58.6CMS REEL-85173698 WD","29f69c78-2ba4-4adb-9d3e-2d0f415f9c56-00000cd5","0","0","0"
"CORE","29f69c78-2ba4-4adb-9d3e-2d0f415f9c56-00000cd5","0","0","0"
"CORE PLUG","29f69c78-2ba4-4adb-9d3e-2d0f415f9c56-00000cd5","0","0","0"
"CYBER XL 380GSM 58.5CMS REEL-84709713","29f69c78-2ba4-4adb-9d3e-2d0f415f9c56-00000cd5","0","0","0"
"D (CFK) 210GSM 82CMS REEL-654002844938","29f69c78-2ba4-4adb-9d3e-2d0f415f9c56-00000cd5","0","0","0"
"D (CFK) 210GSM 82CMS REEL-654002844939","29f69c78-2ba4-4adb-9d3e-2d0f415f9c56-00000cd5","0","0","0"
"D (CFK) 210GSM 82CMS REEL-654002844940","29f69c78-2ba4-4adb-9d3e-2d0f415f9c56-00000cd5","0","0","0"
"D (CFK) 240GSM 73CMS REEL-654002844935","29f69c78-2ba4-4adb-9d3e-2d0f415f9c56-00000cd5","0","0","0"
"D (CFK) 240GSM 73CMS REEL-654002844936","29f69c78-2ba4-4adb-9d3e-2d0f415f9c56-00000cd5","0","0","0"
"D (CFK) 240GSM 73CMS REEL-654002844937","29f69c78-2ba4-4adb-9d3e-2d0f415f9c56-00000cd5","0","0","0"
"GOODLUCK GREEN (60X75CMS 400GSM 25.90KGS)","29f69c78-2ba4-4adb-9d3e-2d0f415f9c56-00000cd5","0","0","0"
"GOODLUCK GREEN 350GSM 55.5X68CMS 19KGS","29f69c78-2ba4-4adb-9d3e-2d0f415f9c56-00000cd5","0","0","0"
"GOODLUCK GREY 230GSM 63.5CMS REEL-004895","29f69c78-2ba4-4adb-9d3e-2d0f415f9c56-00000cd5","0","0","0"
"GOODLUCK GREY 230GSM 63.5X91.5CMS 13.40KGS","29f69c78-2ba4-4adb-9d3e-2d0f415f9c56-00000cd5","0","0","0"
"GOODLUCK WHITE 230GSM 68X48CMS 10.80KGS","29f69c78-2ba4-4adb-9d3e-2d0f415f9c56-00000cd5","0","0","0"
"GOODLUCK WHITE 250GSM 65X45CMS 7.3KGS D","29f69c78-2ba4-4adb-9d3e-2d0f415f9c56-00000cd5","0","0","0"
"GOODLUCK WHITE 250GSM 68.5X48CMS 8.2KGS D","29f69c78-2ba4-4adb-9d3e-2d0f415f9c56-00000cd5","0","0","0"
"GOODLUCK WHITE 250GSM 68X48CMS 11.80KGS","29f69c78-2ba4-4adb-9d3e-2d0f415f9c56-00000cd5","0","0","0"
"ITC PEARL XL 250GSM 103X60.5CMS 15.6KGS","29f69c78-2ba4-4adb-9d3e-2d0f415f9c56-00000cd5","0","0","0"
"ITC SAFIRE GRAPHIK 200GSM 56X71CMS 8KGS","29f69c78-2ba4-4adb-9d3e-2d0f415f9c56-00000cd5","0","0","0"
"ITC SAFIRE GRAPHIK 200GSM 63.5X91CMS 11.60KGS","29f69c78-2ba4-4adb-9d3e-2d0f415f9c56-00000cd5","0","0","0"
"ITC SAFIRE GRAPHIK 250GSM 63.5X91.5CMS 14.50KGS","29f69c78-2ba4-4adb-9d3e-2d0f415f9c56-00000cd5","0","0","0"
"ITC SAFIRE GRAPHIK 300GSM 58.5CMS REEL (REV)","29f69c78-2ba4-4adb-9d3e-2d0f415f9c56-00000cd5","0","0","0"
"ITC SAFIRE GRAPHIK 300GSM 58.5X91.5CMS 16.10KGS","29f69c78-2ba4-4adb-9d3e-2d0f415f9c56-00000cd5","0","0","0"
"KGO BLANCA ULTR 320GSM 105.5CMS REEL-KCJA05062A","29f69c78-2ba4-4adb-9d3e-2d0f415f9c56-00000cd5","0","0","0"
"KGO BLANCA ULTR 320GSM 105.5CMS REEL-KCJA05062B","29f69c78-2ba4-4adb-9d3e-2d0f415f9c56-00000cd5","0","0","0"
"KGO BLANCA ULTRA 220GSM 63.5CMS REEL","29f69c78-2ba4-4adb-9d3e-2d0f415f9c56-00000cd5","0","0","0"
"KGO BLANCA ULTRA 220GSM 63.5CMS REEL-KCJA28012B","29f69c78-2ba4-4adb-9d3e-2d0f415f9c56-00000cd5","0","0","0"
"KGO BLANCA ULTRA 220GSM 63.5CMS REEL-KCJA28015B","29f69c78-2ba4-4adb-9d3e-2d0f415f9c56-00000cd5","0","0","0"
"KGO BLANCA ULTRA 220GSM 63.5CMS REEL-KCJA28015C","29f69c78-2ba4-4adb-9d3e-2d0f415f9c56-00000cd5","0","0","0"
"KGO BLANCA ULTRA 220GSM 63.5CMS REEL-KCJA28016C","29f69c78-2ba4-4adb-9d3e-2d0f415f9c56-00000cd5","0","0","0"
"KGO BLANCA ULTRA 220GSM 63.5CMS REEL-KCJA28017A","29f69c78-2ba4-4adb-9d3e-2d0f415f9c56-00000cd5","0","0","0"
"KGO BLANCA ULTRA 220GSM 63.5CMS REEL-KCJA28019A","29f69c78-2ba4-4adb-9d3e-2d0f415f9c56-00000cd5","0","0","0"
"KGO BLANCA ULTRA 220GSM 63.5CMS REEL-KCJA28022B","29f69c78-2ba4-4adb-9d3e-2d0f415f9c56-00000cd5","0","0","0"
"KGO BLANCA ULTRA 220GSM 63.5CMS REEL[REV]","29f69c78-2ba4-4adb-9d3e-2d0f415f9c56-00000cd5","0","0","0"
"KGO BLANCA ULTRA 220GSM 63.5X91.5CMS 25.60KGS","29f69c78-2ba4-4adb-9d3e-2d0f415f9c56-00000cd5","0","0","0"
"KGO BLANCA ULTRA 220GSM 91.5CMS REEL-KCJA28026E","29f69c78-2ba4-4adb-9d3e-2d0f415f9c56-00000cd5","0","0","0"
"KGO BLANCA ULTRA 220GSM 91.5CMS REEL-KCJA28029C","29f69c78-2ba4-4adb-9d3e-2d0f415f9c56-00000cd5","0","0","0"
"KGO BLANCA ULTRA 220GSM 91.5CMS REEL-KCJA28031C","29f69c78-2ba4-4adb-9d3e-2d0f415f9c56-00000cd5","0","0","0"
"KGO BLANCA ULTRA 220GSM 91.5CMS REEL-KCJA28034E","29f69c78-2ba4-4adb-9d3e-2d0f415f9c56-00000cd5","0","0","0"
"KGO BLANCA ULTRA 220GSM 91.5X63.5CMS 12.80KGS","29f69c78-2ba4-4adb-9d3e-2d0f415f9c56-00000cd5","0","0","0"
"KGO BLANCA ULTRA 250GSM 58.5CMS REEL-KCJA04015C","29f69c78-2ba4-4adb-9d3e-2d0f415f9c56-00000cd5","0","0","0"
"KGO BLANCA ULTRA 250GSM 58.5CMS REEL-KCJA04028B","29f69c78-2ba4-4adb-9d3e-2d0f415f9c56-00000cd5","0","0","0"
"KGO BLANCA ULTRA 250GSM 58.5X91.5CMS 26.80KGS","29f69c78-2ba4-4adb-9d3e-2d0f415f9c56-00000cd5","0","0","0"
"KGO BLANCA ULTRA 250GSM 63.5CMS REEL-KCJA02042A","29f69c78-2ba4-4adb-9d3e-2d0f415f9c56-00000cd5","0","0","0"
"KGO BLANCA ULTRA 250GSM 63.5CMS REEL-KCJA02043A","29f69c78-2ba4-4adb-9d3e-2d0f415f9c56-00000cd5","0","0","0"
"KGO BLANCA ULTRA 250GSM 63.5CMS REEL-KCJA04013A","29f69c78-2ba4-4adb-9d3e-2d0f415f9c56-00000cd5","0","0","0"
"KGO BLANCA ULTRA 250GSM 63.5CMS REEL-KCJA04013B","29f69c78-2ba4-4adb-9d3e-2d0f415f9c56-00000cd5","0","0","0"
"KGO BLANCA ULTRA 250GSM 63.5CMS REEL-KCJA04014B","29f69c78-2ba4-4adb-9d3e-2d0f415f9c56-00000cd5","0","0","0"
"KGO BLANCA ULTRA 250GSM 63.5CMS REEL-KCJA04032A","29f69c78-2ba4-4adb-9d3e-2d0f415f9c56-00000cd5","0","0","0"
"KGO BLANCA ULTRA 250GSM 63.5X91.5CMS 14.60KGS","29f69c78-2ba4-4adb-9d3e-2d0f415f9c56-00000cd5","0","0","0"
"KGO BLANCA ULTRA 250GSM 63.5X91.5CMS 29.10KGS","29f69c78-2ba4-4adb-9d3e-2d0f415f9c56-00000cd5","0","0","0"
"KGO BLANCA ULTRA 250GSM 71CMS REEL-KCJA02043B","29f69c78-2ba4-4adb-9d3e-2d0f415f9c56-00000cd5","0","0","0"
"KGO BLANCA ULTRA 250GSM 71CMS REEL-KCJA02044B","29f69c78-2ba4-4adb-9d3e-2d0f415f9c56-00000cd5","0","0","0"
"KGO BLANCA ULTRA 250GSM 71CMS REEL-KCJA04028E","29f69c78-2ba4-4adb-9d3e-2d0f415f9c56-00000cd5","0","0","0"
"KGO BLANCA ULTRA 290GSM 63.5X91.5CMS 16.80KGS","29f69c78-2ba4-4adb-9d3e-2d0f415f9c56-00000cd5","0","0","0"
"KGO BLANCA ULTRA 290GSM 63.5X91.5CMS 33.70KGS","29f69c78-2ba4-4adb-9d3e-2d0f415f9c56-00000cd5","0","0","0"
"KGO BLANCA ULTRA 290GSM 91.5CMS REEL-KCJA02026D","29f69c78-2ba4-4adb-9d3e-2d0f415f9c56-00000cd5","0","0","0"
"KGO BLANCA ULTRA 320GSM 58.5CMS REEL-KCJA05060A","29f69c78-2ba4-4adb-9d3e-2d0f415f9c56-00000cd5","0","0","0"
"KGO BLANCA ULTRA 320GSM 58.5X91.5CMS 34.30KGS","29f69c78-2ba4-4adb-9d3e-2d0f415f9c56-00000cd5","0","0","0"
"KGO BLANCA ULTRA 320GSM 71CMS REEL-KCJA05053E","29f69c78-2ba4-4adb-9d3e-2d0f415f9c56-00000cd5","0","0","0"
"KGO BLANCA ULTRA290GSM 63.5 CMS REEL-KCJA02026A","29f69c78-2ba4-4adb-9d3e-2d0f415f9c56-00000cd5","0","0","0"
"KGO BLANCA ULTRA290GSM 63.5 CMS REEL-KCJA02036B","29f69c78-2ba4-4adb-9d3e-2d0f415f9c56-00000cd5","0","0","0"
"KGO BLANCA ULTRA290GSM 63.5 CMS REEL-KCJA05032A","29f69c78-2ba4-4adb-9d3e-2d0f415f9c56-00000cd5","0","0","0"
"LUMINA (350GSM 63X78.5CMS 17.30KGS)","29f69c78-2ba4-4adb-9d3e-2d0f415f9c56-00000cd5","0","0","0"
"LUMINA 190GSM 107CMS REEL-84619749","29f69c78-2ba4-4adb-9d3e-2d0f415f9c56-00000cd5","0","0","0"
"LUMINA 190GSM 63.5CMS REEL-84619962","29f69c78-2ba4-4adb-9d3e-2d0f415f9c56-00000cd5","0","0","0"
"LUMINA 190GSM 63.5CMS REEL-84619963","29f69c78-2ba4-4adb-9d3e-2d0f415f9c56-00000cd5","0","0","0"
"LUMINA 190GSM 63.5CMS REEL-84903291","29f69c78-2ba4-4adb-9d3e-2d0f415f9c56-00000cd5","0","0","0"
"LUMINA 190GSM 63.5CMS REEL-84903292","29f69c78-2ba4-4adb-9d3e-2d0f415f9c56-00000cd5","0","0","0"
"LUMINA 190GSM 63.5CMS REEL-84903293","29f69c78-2ba4-4adb-9d3e-2d0f415f9c56-00000cd5","0","0","0"
"LUMINA 190GSM 70CMS REEL-85383275","29f69c78-2ba4-4adb-9d3e-2d0f415f9c56-00000cd5","0","0","0"
"LUMINA 190GSM 70CMS REEL-85383276","29f69c78-2ba4-4adb-9d3e-2d0f415f9c56-00000cd5","0","0","0"
"LUMINA 190GSM 70CMS REEL-85383278","29f69c78-2ba4-4adb-9d3e-2d0f415f9c56-00000cd5","0","0","0"
"LUMINA 190GSM 85CMS REEL-85382911","29f69c78-2ba4-4adb-9d3e-2d0f415f9c56-00000cd5","0","0","0"
"LUMINA 190GSM 85CMS REEL-85382920","29f69c78-2ba4-4adb-9d3e-2d0f415f9c56-00000cd5","0","0","0"
"LUMINA 190GSM 85CMS REEL-85382929","29f69c78-2ba4-4adb-9d3e-2d0f415f9c56-00000cd5","0","0","0"
"LUMINA 190GSM 85CMS REEL-85382950","29f69c78-2ba4-4adb-9d3e-2d0f415f9c56-00000cd5","0","0","0"
"LUMINA 190GSM 85CMS REEL-85383363","29f69c78-2ba4-4adb-9d3e-2d0f415f9c56-00000cd5","0","0","0"
"LUMINA 190GSM 85CMS REEL-85383373","29f69c78-2ba4-4adb-9d3e-2d0f415f9c56-00000cd5","0","0","0"
"LUMINA 190GSM 85CMS REEL-85383403","29f69c78-2ba4-4adb-9d3e-2d0f415f9c56-00000cd5","0","0","0"
"LUMINA 190GSM 85CMS REEL-85384647","29f69c78-2ba4-4adb-9d3e-2d0f415f9c56-00000cd5","0","0","0"
"LUMINA 190GSM 86CMS REEL-85511432","29f69c78-2ba4-4adb-9d3e-2d0f415f9c56-00000cd5","0","0","0"
"LUMINA 190GSM 86CMS REEL-85511454","29f69c78-2ba4-4adb-9d3e-2d0f415f9c56-00000cd5","0","0","0"
"LUMINA 190GSM 86CMS REEL-85511645","29f69c78-2ba4-4adb-9d3e-2d0f415f9c56-00000cd5","0","0","0"
"LUMINA 190GSM 86CMS REEL-85511698","29f69c78-2ba4-4adb-9d3e-2d0f415f9c56-00000cd5","0","0","0"
"LUMINA 190GSM 86CMS REEL-85511720","29f69c78-2ba4-4adb-9d3e-2d0f415f9c56-00000cd5","0","0","0"
"LUMINA 190GSM 86CMS REEL[REV]","29f69c78-2ba4-4adb-9d3e-2d0f415f9c56-00000cd5","0","0","0"
"LUMINA 200GSM 105.5CMS REEL-84905705","29f69c78-2ba4-4adb-9d3e-2d0f415f9c56-00000cd5","0","0","0"
"LUMINA 200GSM 105.5CMS REEL-84905706","29f69c78-2ba4-4adb-9d3e-2d0f415f9c56-00000cd5","0","0","0"
"LUMINA 200GSM 107CMS REEL","29f69c78-2ba4-4adb-9d3e-2d0f415f9c56-00000cd5","0","0","0"
"LUMINA 200GSM 127CMS REEL-84823651","29f69c78-2ba4-4adb-9d3e-2d0f415f9c56-00000cd5","0","0","0"
"LUMINA 200GSM 45.75CMS REEL-84990721","29f69c78-2ba4-4adb-9d3e-2d0f415f9c56-00000cd5","0","0","0"
"LUMINA 200GSM 53.3 X 80CMS 8.5 KGS","29f69c78-2ba4-4adb-9d3e-2d0f415f9c56-00000cd5","0","0","0"
"LUMINA 200GSM 53.3CMS REEL-69363050","29f69c78-2ba4-4adb-9d3e-2d0f415f9c56-00000cd5","0","0","0"
"LUMINA 200GSM 58.5CMS REEL-84953238","29f69c78-2ba4-4adb-9d3e-2d0f415f9c56-00000cd5","0","0","0"
"LUMINA 200GSM 58.5X91.5CMS 10.7KGS","29f69c78-2ba4-4adb-9d3e-2d0f415f9c56-00000cd5","0","0","0"
"LUMINA 200GSM 60CMS REEL-84905704","29f69c78-2ba4-4adb-9d3e-2d0f415f9c56-00000cd5","0","0","0"
"LUMINA 200GSM 63.5CMS REEL","29f69c78-2ba4-4adb-9d3e-2d0f415f9c56-00000cd5","0","0","0"
"LUMINA 200GSM 63.5CMS REEL-1","29f69c78-2ba4-4adb-9d3e-2d0f415f9c56-00000cd5","0","0","0"
"LUMINA 200GSM 63.5CMS REEL-2","29f69c78-2ba4-4adb-9d3e-2d0f415f9c56-00000cd5","0","0","0"
"LUMINA 200GSM 63.5CMS REEL-3","29f69c78-2ba4-4adb-9d3e-2d0f415f9c56-00000cd5","0","0","0"
"LUMINA 200GSM 63.5CMS REEL-4","29f69c78-2ba4-4adb-9d3e-2d0f415f9c56-00000cd5","0","0","0"
"LUMINA 200GSM 63.5X91.5CMS 11.60KG","29f69c78-2ba4-4adb-9d3e-2d0f415f9c56-00000cd5","0","0","0"
"LUMINA 200GSM 63.5X91.5CMS 11.60KG","29f69c78-2ba4-4adb-9d3e-2d0f415f9c56-00013133","0","0","0"
"LUMINA 200GSM 67CMS REEL","29f69c78-2ba4-4adb-9d3e-2d0f415f9c56-00000cd5","0","0","0"
"LUMINA 200GSM 70CMS REEL","29f69c78-2ba4-4adb-9d3e-2d0f415f9c56-00000cd5","0","0","0"
"LUMINA 200GSM 72CMS REEL-84823688","29f69c78-2ba4-4adb-9d3e-2d0f415f9c56-00000cd5","0","0","0"
"LUMINA 200GSM 72CMS REEL-84823699","29f69c78-2ba4-4adb-9d3e-2d0f415f9c56-00000cd5","0","0","0"
"LUMINA 200GSM 72CMS REEL-84823700","29f69c78-2ba4-4adb-9d3e-2d0f415f9c56-00000cd5","0","0","0"
"LUMINA 200GSM 72X112CMS 16.1KGS","29f69c78-2ba4-4adb-9d3e-2d0f415f9c56-00000cd5","0","0","0"
"LUMINA 200GSM 81.3CMS REEL-85362521","29f69c78-2ba4-4adb-9d3e-2d0f415f9c56-00000cd5","0","0","0"
"LUMINA 200GSM 81.3CMS REEL-85362522","29f69c78-2ba4-4adb-9d3e-2d0f415f9c56-00000cd5","0","0","0"
"LUMINA 200GSM 81.3CMS REEL-85362840","29f69c78-2ba4-4adb-9d3e-2d0f415f9c56-00000cd5","0","0","0"
"LUMINA 200GSM 85CMS REEL","29f69c78-2ba4-4adb-9d3e-2d0f415f9c56-00000cd5","0","0","0"
"LUMINA 200GSM 86CMS REEL","29f69c78-2ba4-4adb-9d3e-2d0f415f9c56-00000cd5","0","0","0"
"LUMINA 200GSM 91.5CMS REEL","29f69c78-2ba4-4adb-9d3e-2d0f415f9c56-00000cd5","0","0","0"
"LUMINA 200GSM 91.5CMS REEL-84990719","29f69c78-2ba4-4adb-9d3e-2d0f415f9c56-00000cd5","0","0","0"
"LUMINA 200GSM 91.5CMS REEL-84990720","29f69c78-2ba4-4adb-9d3e-2d0f415f9c56-00000cd5","0","0","0"
"LUMINA 200GSM 91.5CMS REEL-84990721","29f69c78-2ba4-4adb-9d3e-2d0f415f9c56-00000cd5","0","0","0"
"LUMINA 200GSM 91.5CMS REEL-84990722","29f69c78-2ba4-4adb-9d3e-2d0f415f9c56-00000cd5","0","0","0"
"LUMINA 200GSM 91.5CMS REEL-84990723","29f69c78-2ba4-4adb-9d3e-2d0f415f9c56-00000cd5","0","0","0"
"LUMINA 200GSM 91.5CMS REEL-84990724","29f69c78-2ba4-4adb-9d3e-2d0f415f9c56-00000cd5","0","0","0"
"LUMINA 200GSM 91.5CMS REEL-84990725","29f69c78-2ba4-4adb-9d3e-2d0f415f9c56-00000cd5","0","0","0"
"LUMINA 200GSM 91.5CMS REEL-84990726","29f69c78-2ba4-4adb-9d3e-2d0f415f9c56-00000cd5","0","0","0"
"LUMINA 200GSM 91.5CMS REEL[REV]","29f69c78-2ba4-4adb-9d3e-2d0f415f9c56-00000cd5","0","0","0"
"LUMINA 200GSM 95CMS REEL","29f69c78-2ba4-4adb-9d3e-2d0f415f9c56-00000cd5","0","0","0"
"LUMINA 200GSM 95CMS REEL-84905707","29f69c78-2ba4-4adb-9d3e-2d0f415f9c56-00000cd5","0","0","0"
"LUMINA 210GSM 102CMS REEL-84629487","29f69c78-2ba4-4adb-9d3e-2d0f415f9c56-00002eb7","0","0","0"
"LUMINA 210GSM 61CMS REEL-84629699","29f69c78-2ba4-4adb-9d3e-2d0f415f9c56-00002eb7","0","0","0"
"LUMINA 210GSM 63.5CMS REEL","29f69c78-2ba4-4adb-9d3e-2d0f415f9c56-00000cd5","0","0","0"
"LUMINA 210GSM 63.5X91.5CMS 12.20KGS","29f69c78-2ba4-4adb-9d3e-2d0f415f9c56-00000cd5","0","0","0"
"LUMINA 210GSM 71CMS REEL-84629475","29f69c78-2ba4-4adb-9d3e-2d0f415f9c56-00002eb7","0","0","0"
"LUMINA 210GSM 72CMS REEL-84823700","29f69c78-2ba4-4adb-9d3e-2d0f415f9c56-00000cd5","0","0","0"
"LUMINA 210GSM 80CMS REEL-84629697","29f69c78-2ba4-4adb-9d3e-2d0f415f9c56-00000cd5","0","0","0"
"LUMINA 210GSM 80CMS REEL-84629697","29f69c78-2ba4-4adb-9d3e-2d0f415f9c56-00002eb7","0","0","0"
"LUMINA 210GSM 81.3CMS REEL","29f69c78-2ba4-4adb-9d3e-2d0f415f9c56-00000cd5","0","0","0"
"LUMINA 210GSM 91.5X63.5CMS 12.20KGS","29f69c78-2ba4-4adb-9d3e-2d0f415f9c56-00000cd5","0","0","0"
"LUMINA 220GSM 47CMS REEL-85116616","29f69c78-2ba4-4adb-9d3e-2d0f415f9c56-00000cd5","0","0","0"
"LUMINA 230GSM 55CMS REEL-85382193","29f69c78-2ba4-4adb-9d3e-2d0f415f9c56-00000cd5","0","0","0"
"LUMINA 230GSM 55CMS REEL-85382209","29f69c78-2ba4-4adb-9d3e-2d0f415f9c56-00000cd5","0","0","0"
"LUMINA 230GSM 55CMS REEL-85382373","29f69c78-2ba4-4adb-9d3e-2d0f415f9c56-00000cd5","0","0","0"
"LUMINA 230GSM 55CMS REEL-85383557","29f69c78-2ba4-4adb-9d3e-2d0f415f9c56-00000cd5","0","0","0"
"LUMINA 230GSM 71X112CMS 18.30KG","29f69c78-2ba4-4adb-9d3e-2d0f415f9c56-00000cd5","0","0","0"
"LUMINA 240GSM 52CMS REEL-84701925","29f69c78-2ba4-4adb-9d3e-2d0f415f9c56-00000cd5","0","0","0"
"LUMINA 240GSM 88.5CMS REEL-84074366","29f69c78-2ba4-4adb-9d3e-2d0f415f9c56-00000cd5","0","0","0"
"LUMINA 250GSM 105.5CMS REEL-85621249","29f69c78-2ba4-4adb-9d3e-2d0f415f9c56-00000cd5","0","0","0"
"LUMINA 250GSM 127CMS REEL-84828541","29f69c78-2ba4-4adb-9d3e-2d0f415f9c56-00000cd5","0","0","0"
"LUMINA 250GSM 53CMS REEL-85120471","29f69c78-2ba4-4adb-9d3e-2d0f415f9c56-00000cd5","0","0","0"
"LUMINA 250GSM 53CMS REEL-85120503","29f69c78-2ba4-4adb-9d3e-2d0f415f9c56-00000cd5","0","0","0"
"LUMINA 250GSM 53CMS REEL-85120527","29f69c78-2ba4-4adb-9d3e-2d0f415f9c56-00000cd5","0","0","0"
"LUMINA 250GSM 53CMS REEL-85120570","29f69c78-2ba4-4adb-9d3e-2d0f415f9c56-00000cd5","0","0","0"
"LUMINA 250GSM 53CMS REEL-85120631","29f69c78-2ba4-4adb-9d3e-2d0f415f9c56-00000cd5","0","0","0"
"LUMINA 250GSM 53X80CMS 10.6KGS","29f69c78-2ba4-4adb-9d3e-2d0f415f9c56-00000cd5","0","0","0"
"LUMINA 250GSM 58.5CMS REEL","29f69c78-2ba4-4adb-9d3e-2d0f415f9c56-00000cd5","0","0","0"
"LUMINA 250GSM 58.5CMS REEL-84751454","29f69c78-2ba4-4adb-9d3e-2d0f415f9c56-00000cd5","0","0","0"
"LUMINA 250GSM 58.5CMS REEL-84751493","29f69c78-2ba4-4adb-9d3e-2d0f415f9c56-00000cd5","0","0","0"
"LUMINA 250GSM 58.5CMS REEL-85372695","29f69c78-2ba4-4adb-9d3e-2d0f415f9c56-00000cd5","0","0","0"
"LUMINA 250GSM 58.5CMS REEL-85372696","29f69c78-2ba4-4adb-9d3e-2d0f415f9c56-00000cd5","0","0","0"
"LUMINA 250GSM 58.5CMS REEL-85372703","29f69c78-2ba4-4adb-9d3e-2d0f415f9c56-00000cd5","0","0","0"
"LUMINA 250GSM 58.5CMS REEL-85372704","29f69c78-2ba4-4adb-9d3e-2d0f415f9c56-00000cd5","0","0","0"
"LUMINA 250GSM 58.5CMS REEL-85372705","29f69c78-2ba4-4adb-9d3e-2d0f415f9c56-00000cd5","0","0","0"
"LUMINA 250GSM 58.5CMS REEL-85487507","29f69c78-2ba4-4adb-9d3e-2d0f415f9c56-00000cd5","0","0","0"
"LUMINA 250GSM 58.5CMS REEL-85487618","29f69c78-2ba4-4adb-9d3e-2d0f415f9c56-00000cd5","0","0","0"
"LUMINA 250GSM 58.5X91.5CMS 13.40KG","29f69c78-2ba4-4adb-9d3e-2d0f415f9c56-00000cd5","0","0","0"
"LUMINA 250GSM 63.5CMS REEL-84828541-1","29f69c78-2ba4-4adb-9d3e-2d0f415f9c56-00000cd5","0","0","0"
"LUMINA 250GSM 63.5CMS REEL-84828541-2","29f69c78-2ba4-4adb-9d3e-2d0f415f9c56-00000cd5","0","0","0"
"LUMINA 250GSM 63.5CMS REEL-84828541-3","29f69c78-2ba4-4adb-9d3e-2d0f415f9c56-00000cd5","0","0","0"
"LUMINA 250GSM 63.5CMS REEL-84828541-4","29f69c78-2ba4-4adb-9d3e-2d0f415f9c56-00000cd5","0","0","0"
"LUMINA 250GSM 63.5CMS REEL-84965176","29f69c78-2ba4-4adb-9d3e-2d0f415f9c56-00000cd5","0","0","0"
"LUMINA 250GSM 63.5CMS REEL-84965177","29f69c78-2ba4-4adb-9d3e-2d0f415f9c56-00000cd5","0","0","0"
"LUMINA 250GSM 63.5CMS REEL-84965195","29f69c78-2ba4-4adb-9d3e-2d0f415f9c56-00000cd5","0","0","0"
"LUMINA 250GSM 63.5CMS REEL-85373249","29f69c78-2ba4-4adb-9d3e-2d0f415f9c56-00000cd5","0","0","0"
"LUMINA 250GSM 63.5CMS REEL-85373250","29f69c78-2ba4-4adb-9d3e-2d0f415f9c56-00000cd5","0","0","0"
"LUMINA 250GSM 63.5CMS REEL-85373272","29f69c78-2ba4-4adb-9d3e-2d0f415f9c56-00000cd5","0","0","0"
"LUMINA 250GSM 63.5CMS REEL-85373273","29f69c78-2ba4-4adb-9d3e-2d0f415f9c56-00000cd5","0","0","0"
"LUMINA 250GSM 63.5CMS REEL-85382585","29f69c78-2ba4-4adb-9d3e-2d0f415f9c56-00000cd5","0","0","0"
"LUMINA 250GSM 63.5CMS REEL-85487508","29f69c78-2ba4-4adb-9d3e-2d0f415f9c56-00000cd5","0","0","0"
"LUMINA 250GSM 63.5CMS REEL-85487564","29f69c78-2ba4-4adb-9d3e-2d0f415f9c56-00000cd5","0","0","0"